player_id,name,team,position,games_played,points_avg,assists_avg,rebounds_avg,steals_avg,blocks_avg,turnovers_avg,fg_pct,fantasy_points,salary,consistency_score,injury_status
1,Jaren Green,Hawks,C,75,13.6,3.5,12.1,1.4,1.5,2.4,0.387,38.6,5419,0.482,healthy
2,Donovan Collins,Suns,C,70,21.3,2.0,9.8,0.4,1.0,4.4,0.438,37.1,5513,0.527,healthy
3,Nikola Lee,Nuggets,C,52,15.6,3.1,8.7,2.0,2.2,3.2,0.388,37.9,6603,0.9,healthy
4,Jaren Rodriguez,Cavaliers,SF,34,18.9,2.6,4.6,0.6,2.4,2.9,0.461,33.1,5700,0.434,healthy
5,Brandon White,Celtics,SF,29,10.9,0.8,7.3,0.7,2.2,4.3,0.503,24.9,3500,0.868,healthy
6,Anthony Allen,Hawks,SG,57,17.6,6.2,6.4,1.3,0.7,3.0,0.571,37.4,5640,0.32,healthy
7,Cameron Parker,76ers,PF,33,9.0,4.5,11.4,1.6,0.6,2.7,0.461,33.1,4821,0.359,healthy
8,Darius Williams,Suns,PG,20,17.5,5.9,1.5,0.5,1.2,3.6,0.549,29.8,4535,0.856,healthy
9,Zion Johnson,Nuggets,C,64,17.0,2.6,11.3,0.9,0.1,3.4,0.425,35.3,5424,0.71,healthy
10,Darius Stewart,Pelicans,SG,37,14.4,6.1,4.2,2.1,0.2,1.5,0.56,32.6,5153,0.786,out
11,Alperen Phillips,Thunder,PG,78,28.2,6.1,3.8,0.8,1.4,2.5,0.437,45.2,5329,0.436,healthy
12,LeBron Lee,76ers,SG,72,21.4,3.4,5.5,0.9,1.3,2.5,0.414,36.5,5658,0.649,out
13,Mikal Harris,Nuggets,SF,68,17.3,4.0,7.0,1.9,2.5,2.2,0.424,39.7,5755,0.779,healthy
14,Zion Stewart,Pelicans,C,14,18.8,1.6,11.3,0.4,0.6,2.7,0.424,36.0,5047,0.708,healthy
15,Scottie Cook,Knicks,PG,60,13.9,8.7,1.4,1.2,0.7,2.3,0.503,31.4,5107,0.607,healthy
16,Cade Edwards,Nuggets,PG,30,18.8,6.7,2.1,1.0,0.4,1.5,0.583,33.5,5758,0.924,questionable
17,Franz Martinez,Knicks,PG,21,14.4,5.4,7.7,0.9,2.3,2.3,0.399,37.4,5954,0.74,healthy
18,Donovan Rogers,Timberwolves,PG,59,25.8,8.2,3.4,0.8,2.0,1.1,0.55,47.4,6850,0.89,healthy
19,DeMar Williams,Thunder,PG,13,12.7,4.7,4.8,0.5,2.1,2.9,0.537,29.5,3886,0.774,healthy
20,Anfernee Wilson,Suns,SG,51,20.3,8.0,7.1,0.9,2.3,4.0,0.589,45.6,5336,0.778,healthy
21,Trae Thomas,Knicks,C,47,16.6,5.7,11.2,0.4,1.4,3.5,0.439,41.0,6241,0.352,healthy
22,Jaren Clark,Clippers,SF,34,19.0,4.5,7.4,1.8,1.2,2.1,0.488,40.0,6289,0.534,healthy
23,Kevin Young,Warriors,SF,23,14.1,4.4,8.2,1.1,0.9,1.1,0.602,34.4,5109,0.858,healthy
24,Ja Morgan,Suns,SF,41,12.5,4.3,1.0,1.1,1.5,1.5,0.538,24.6,4156,0.451,questionable
25,Joel King,Celtics,SF,20,14.2,2.5,4.8,2.0,1.2,2.8,0.473,29.0,3689,0.375,healthy
26,LeBron Lewis,Suns,SG,70,22.6,4.6,5.7,1.6,1.2,1.6,0.412,41.4,6124,0.512,healthy
27,Franz Rogers,Knicks,PF,27,15.3,1.2,11.5,0.3,2.3,2.8,0.443,35.3,5169,0.443,healthy
28,Jayson Stewart,Knicks,C,36,19.0,3.5,10.2,2.1,2.5,1.7,0.519,45.4,6754,0.901,questionable
29,Nikola Rogers,Lakers,PG,64,20.4,8.7,1.9,0.8,2.0,3.9,0.552,39.5,6508,0.864,out
30,Jordan Thompson,76ers,PF,63,4.6,2.2,6.0,0.5,1.9,2.3,0.41,19.0,3500,0.625,day-to-day
31,Jalen Roberts,Clippers,SF,30,18.2,2.3,8.2,1.8,1.7,1.7,0.524,38.0,5552,0.34,healthy
32,Russell Parker,Pelicans,PF,53,27.3,0.6,7.5,1.3,0.5,3.8,0.512,39.3,5426,0.764,questionable
33,Kevin Johnson,Suns,C,14,21.6,5.4,10.0,1.1,0.2,2.1,0.503,43.8,7234,0.705,healthy
34,Luka Edwards,Lakers,PG,50,20.1,6.0,5.5,0.8,1.8,1.2,0.546,40.6,5374,0.931,healthy
35,Kevin Green,Pelicans,PG,68,12.7,6.6,1.0,1.3,1.8,2.9,0.581,28.6,4013,0.663,healthy
36,Paolo King,Mavericks,C,63,17.4,3.1,15.0,0.8,0.2,3.0,0.458,41.3,7041,0.519,healthy
37,DeMar Mitchell,Knicks,C,31,18.7,3.1,8.2,2.0,2.3,3.4,0.593,40.5,6309,0.637,day-to-day
38,Shai Roberts,Cavaliers,SF,74,15.7,5.0,6.6,0.7,0.3,1.7,0.419,32.6,4879,0.937,healthy
39,Ja Adams,Knicks,PG,73,19.6,6.2,1.0,2.0,0.8,2.4,0.422,34.6,5200,0.753,healthy
40,Dejounte Garcia,Grizzlies,PF,80,23.5,0.7,6.9,1.4,1.7,1.8,0.444,38.5,5301,0.737,questionable
41,Nikola Thompson,Bucks,SG,13,15.7,1.4,7.6,1.9,0.5,1.1,0.409,31.5,4690,0.456,questionable
42,Brandon Parker,76ers,SG,74,14.7,2.8,1.0,1.7,0.2,4.0,0.435,21.9,3500,0.783,healthy
43,Trae Martinez,Heat,C,24,18.5,0.6,12.8,1.6,0.9,3.5,0.406,38.6,5879,0.788,healthy
44,Karl-Anthony Clark,Nuggets,SF,31,19.3,2.9,5.3,0.9,1.9,1.9,0.577,34.9,4481,0.506,questionable
45,Myles Allen,Cavaliers,SG,56,25.1,6.6,5.7,0.7,1.1,3.0,0.413,44.2,6828,0.614,healthy
46,Evan Young,Knicks,PG,55,20.8,6.2,5.6,0.7,1.7,1.5,0.559,41.2,6688,0.491,healthy
47,Karl-Anthony Evans,Clippers,C,23,12.2,1.7,11.1,1.9,1.5,4.1,0.391,33.4,4908,0.468,healthy
48,Desmond Garcia,Grizzlies,PF,59,18.2,3.0,5.8,1.9,0.2,1.2,0.608,33.6,5363,0.317,healthy
49,Karl-Anthony Smith,Grizzlies,C,29,9.3,1.7,9.1,1.1,2.5,0.8,0.551,30.0,4655,0.485,out
50,Scottie Wilson,Cavaliers,PF,59,14.7,2.9,4.3,0.6,0.2,2.7,0.382,24.7,3500,0.66,healthy
51,Joel Allen,Heat,C,42,17.5,3.6,11.2,1.0,2.4,3.0,0.563,42.2,5800,0.301,healthy
52,James Stewart,Thunder,C,68,13.2,4.3,14.3,1.5,1.4,2.9,0.503,41.9,5825,0.484,healthy
53,Nikola Allen,Bucks,C,52,27.3,4.5,5.4,1.2,2.4,1.0,0.567,47.5,7271,0.873,healthy
54,Anthony Robinson,Celtics,PF,21,6.5,7.1,6.1,1.8,0.4,2.0,0.505,28.2,4201,0.686,healthy
55,Nikola Perez,Nets,PF,49,13.3,4.1,7.5,2.2,1.3,2.6,0.534,34.5,5812,0.695,healthy
56,Jordan Carter,Knicks,C,29,10.3,7.0,10.4,0.7,0.5,1.6,0.569,35.4,5705,0.562,healthy
57,Giannis Edwards,Kings,SG,47,16.5,2.4,6.7,1.2,0.2,4.0,0.477,29.3,4789,0.74,healthy
58,Jaren Evans,Heat,SF,12,13.8,7.7,5.6,1.1,1.6,1.1,0.381,37.2,5711,0.423,healthy
59,Franz Wilson,Celtics,SF,37,10.4,2.7,5.2,0.9,0.6,2.6,0.584,22.7,3500,0.832,healthy
60,Joel Anderson,Knicks,SF,65,20.8,2.9,8.8,0.7,1.5,3.4,0.471,38.8,5982,0.376,healthy
61,Damian Mitchell,Nets,PF,22,13.3,2.8,9.7,0.4,0.4,1.8,0.499,30.3,4576,0.726,healthy
62,Mikal Reed,Timberwolves,PF,75,16.8,2.6,9.3,2.0,0.9,3.1,0.382,36.6,4920,0.522,day-to-day
63,Brandon Allen,Mavericks,SG,46,17.8,4.2,4.8,1.1,2.0,3.9,0.498,34.4,5764,0.786,healthy
64,Anfernee Perez,Timberwolves,SF,58,13.5,2.3,8.5,1.2,1.1,1.5,0.617,31.4,5261,0.657,healthy
65,DeMar Parker,Suns,SF,75,25.4,5.2,4.4,2.0,1.6,4.2,0.447,43.8,5997,0.594,healthy
66,Zion Wright,Celtics,C,45,19.6,1.4,8.0,1.8,1.7,2.8,0.475,37.3,5276,0.41,day-to-day
67,Jordan Smith,Knicks,PF,63,6.7,4.3,9.9,0.5,2.1,1.9,0.545,29.8,4195,0.714,healthy
68,Jordan Turner,Warriors,SF,35,7.1,6.6,1.9,1.4,0.9,2.4,0.576,22.8,3724,0.934,questionable
69,Myles Thompson,Pelicans,SG,81,25.2,3.3,4.7,1.1,1.7,2.0,0.48,40.6,6337,0.837,healthy
70,Stephen Smith,76ers,SG,49,17.4,5.6,3.7,1.8,2.4,3.5,0.454,37.1,5587,0.339,day-to-day
71,Giannis King,Clippers,SF,52,8.8,4.6,2.5,1.7,1.9,3.7,0.605,24.2,3766,0.545,out
72,Ja Campbell,Heat,PF,31,21.2,7.5,5.7,1.6,1.3,3.9,0.543,43.4,5866,0.902,healthy
73,Cade Thomas,Grizzlies,SG,29,20.8,3.0,4.2,0.9,1.6,4.4,0.409,33.4,5200,0.627,healthy
74,Donovan Garcia,Mavericks,C,17,16.3,4.1,12.6,1.8,1.9,3.7,0.397,43.8,6519,0.73,healthy
75,Evan Edwards,Celtics,SG,38,24.0,0.7,2.9,0.4,1.6,3.0,0.496,31.2,4340,0.893,healthy
76,Devin Nelson,Hawks,PG,49,11.5,6.0,7.0,0.6,0.1,2.1,0.433,29.6,3673,0.868,healthy
77,Jaren Cook,Nuggets,PG,39,9.8,7.7,4.2,0.9,0.6,2.8,0.441,28.2,4243,0.626,healthy
78,Tyler Brown,Bucks,PF,64,23.9,5.8,11.3,0.4,2.0,1.0,0.591,51.0,7828,0.584,healthy
79,Alperen Turner,Raptors,SF,25,9.8,1.0,4.5,0.7,0.8,3.6,0.401,18.1,3500,0.521,healthy
80,Brandon Campbell,Bucks,PF,55,9.9,4.6,7.9,1.9,1.9,2.5,0.552,33.0,4959,0.767,healthy
81,Karl-Anthony Garcia,Thunder,PF,71,10.9,2.9,8.9,2.1,1.0,0.9,0.445,32.1,4876,0.487,healthy
82,Pascal Green,Bucks,PF,16,26.4,0.5,7.6,0.9,1.4,1.0,0.562,40.7,5827,0.462,healthy
83,Cameron Martin,Timberwolves,PF,54,18.5,3.4,10.4,0.8,0.3,2.2,0.553,37.7,5844,0.532,day-to-day
84,Tyler Wilson,Kings,C,68,19.8,5.9,4.5,0.8,0.5,3.0,0.382,35.4,5243,0.415,healthy
85,Zion Scott,Timberwolves,C,65,16.0,0.5,15.0,0.8,2.4,2.5,0.502,40.6,6231,0.752,questionable
86,LeBron Edwards,Grizzlies,SG,57,17.0,3.8,6.6,0.4,2.2,3.1,0.413,34.6,5457,0.701,healthy
87,Karl-Anthony Davis,Lakers,PG,36,21.2,5.0,3.6,2.1,1.7,2.6,0.588,39.5,6192,0.614,healthy
88,Franz Scott,Thunder,PF,62,8.2,2.1,6.6,0.7,1.2,3.2,0.589,21.8,3778,0.554,healthy
89,DeMar Stewart,Thunder,SG,82,14.5,6.9,2.3,1.1,1.7,1.6,0.48,32.5,5044,0.891,healthy
90,Chet Baker,Nets,PG,44,21.7,6.5,5.6,0.3,1.6,1.2,0.487,41.7,6016,0.319,questionable
91,Anthony Scott,Hawks,SF,60,10.2,6.3,8.5,1.9,1.5,3.0,0.453,35.6,5016,0.8,healthy
92,Scottie Campbell,Kings,C,46,14.1,4.7,9.6,1.7,0.2,2.6,0.552,35.6,4808,0.886,healthy
93,Mikal Smith,Bucks,PG,66,17.3,6.3,6.8,2.1,1.6,0.9,0.466,42.2,6405,0.59,day-to-day
94,Cade Martin,Warriors,SF,17,14.4,2.5,3.7,1.8,1.9,2.2,0.444,29.1,5025,0.658,healthy
95,Bam Williams,Raptors,PG,29,8.2,5.2,1.3,0.9,2.5,1.2,0.484,23.8,3500,0.914,day-to-day
96,Jaren Davis,Kings,C,62,11.9,0.6,14.5,0.8,0.1,2.8,0.402,31.3,4919,0.438,day-to-day
97,Nikola Wright,Heat,C,21,10.9,3.2,11.5,1.6,1.9,2.3,0.559,35.9,5008,0.638,healthy
98,Joel Turner,Cavaliers,SG,58,20.8,4.0,8.0,1.0,1.5,3.1,0.383,40.2,6127,0.609,healthy
99,Mikal Edwards,Lakers,PF,26,16.6,1.8,5.9,1.4,1.1,3.8,0.535,29.8,5099,0.468,healthy
100,DeMar Allen,76ers,PG,73,19.9,3.9,1.7,0.3,0.4,1.9,0.424,28.3,4588,0.832,healthy
101,Donovan Nelson,Hawks,PG,51,14.6,7.2,3.1,0.4,1.1,4.4,0.436,30.1,3729,0.885,healthy
102,Tyler Allen,Hawks,SF,38,19.6,2.6,3.9,1.3,1.0,2.8,0.533,31.6,5025,0.808,day-to-day
103,Bam Cook,Clippers,C,28,7.2,2.1,11.8,1.4,0.8,3.1,0.618,28.0,4508,0.427,healthy
104,Chris Harris,Cavaliers,PG,20,8.9,7.6,2.1,1.7,1.9,3.3,0.567,28.5,4361,0.356,healthy
105,Jaren Johnson,Celtics,C,59,3.3,0.5,7.1,0.6,1.8,3.3,0.434,16.1,3500,0.694,healthy
106,Stephen Cook,Nets,PG,80,15.5,3.9,4.4,1.3,1.5,2.7,0.422,31.1,4248,0.337,healthy
107,Anfernee Cook,Celtics,SG,67,16.2,8.6,1.3,0.7,2.4,2.4,0.588,35.7,5386,0.737,healthy
108,Jalen Cook,Bucks,PF,43,19.9,2.0,3.5,0.5,0.9,1.0,0.487,29.6,4995,0.645,questionable
109,LeBron Johnson,Timberwolves,PG,29,14.8,2.0,4.3,1.1,0.7,0.9,0.413,26.3,4454,0.731,healthy
110,Franz Hall,Warriors,C,59,16.4,0.5,5.6,0.6,1.7,2.1,0.587,27.7,4429,0.684,healthy
111,Anfernee Nelson,Knicks,SG,19,24.1,9.0,6.4,0.7,0.6,2.0,0.576,47.2,6638,0.575,healthy
112,Victor Johnson,Mavericks,PG,41,14.6,5.6,1.0,0.9,0.9,2.2,0.616,26.8,3500,0.431,healthy
113,DeMar King,Heat,SF,61,18.5,5.8,1.0,0.8,0.6,1.3,0.598,30.6,4647,0.499,healthy
114,Tyler Davis,Hawks,PF,24,21.0,3.2,7.3,0.5,0.3,3.5,0.584,34.8,5310,0.641,questionable
115,DeAaron Allen,Cavaliers,PG,12,11.8,6.0,4.4,0.5,2.1,4.0,0.393,29.5,4374,0.724,healthy
116,Giannis Mitchell,Raptors,SG,46,20.1,5.6,5.7,0.7,0.7,4.3,0.405,36.3,5042,0.807,questionable
117,Luka Walker,Celtics,SF,49,13.6,0.5,6.4,0.4,1.2,2.6,0.517,24.2,3848,0.799,healthy
118,Anthony Reed,Hawks,SG,81,14.1,1.1,1.9,1.5,0.2,3.4,0.508,19.8,3500,0.932,healthy
119,Tyrese Carter,Nets,SG,49,12.3,3.0,6.3,0.8,1.8,4.0,0.49,27.9,4329,0.486,questionable
120,Joel Davis,Raptors,SF,65,11.0,0.8,8.4,0.8,0.9,2.3,0.475,25.0,4046,0.346,healthy
121,Tyrese Green,Cavaliers,SG,32,20.3,2.8,1.5,0.9,1.9,1.9,0.483,31.0,4513,0.525,healthy
122,Stephen Lewis,Warriors,SF,20,8.9,5.2,5.5,1.6,1.1,4.3,0.517,26.8,3775,0.783,healthy
123,Cameron Rodriguez,Timberwolves,PG,73,15.2,7.3,3.3,2.0,0.6,2.7,0.38,34.1,5668,0.585,questionable
124,Evan Williams,Kings,SF,17,21.1,6.2,6.6,1.7,1.3,2.6,0.443,43.4,6131,0.832,out
125,Victor Lewis,Hawks,SF,65,19.2,3.9,5.5,1.7,0.4,1.5,0.504,35.4,5075,0.657,healthy
126,Bam Carter,Pelicans,PF,69,13.3,5.0,7.8,1.2,1.2,1.2,0.553,34.8,5837,0.904,healthy
127,Lauri Campbell,Nuggets,SF,19,25.4,3.4,7.6,1.6,0.9,3.9,0.422,43.0,6176,0.916,questionable
128,Paolo Parker,Raptors,SF,48,26.5,2.3,3.2,1.4,2.3,3.1,0.511,39.8,5920,0.345,healthy
129,James White,76ers,PG,37,18.1,10.0,5.8,0.7,0.2,2.0,0.551,41.2,5974,0.597,out
130,Franz Young,Clippers,PF,58,3.7,1.6,10.9,0.7,1.8,1.5,0.487,24.0,3500,0.696,healthy
131,Russell Hall,Nuggets,C,45,19.4,3.2,14.1,0.9,0.5,2.9,0.386,43.2,6418,0.466,day-to-day
132,Marcus Baker,Warriors,PG,22,6.5,8.5,1.0,2.0,0.9,3.0,0.488,24.8,3500,0.565,healthy
133,Jimmy Perez,Lakers,PG,45,25.4,8.7,3.5,1.3,1.1,1.6,0.451,46.8,7147,0.74,questionable
134,Jayson Martinez,76ers,C,35,20.4,0.5,5.1,1.7,2.3,4.0,0.603,33.5,5577,0.447,healthy
135,Evan Reed,Hawks,SF,13,25.9,5.6,1.0,1.0,0.7,1.1,0.41,38.4,4652,0.691,healthy
136,Chris Johnson,Celtics,SG,73,21.3,2.0,4.9,1.1,0.3,2.1,0.537,32.2,4626,0.753,healthy
137,James Reed,Warriors,PF,47,14.2,4.6,7.0,0.5,0.9,3.3,0.393,31.0,4876,0.359,healthy
138,Damian Jones,Timberwolves,SG,31,17.7,5.1,5.2,0.6,0.4,1.8,0.487,32.9,3843,0.623,healthy
139,Joel Evans,Kings,C,11,12.3,4.1,11.2,1.9,0.4,3.9,0.513,35.1,5933,0.471,healthy
140,Jordan Rodriguez,Thunder,PG,40,22.9,4.6,7.1,1.4,1.5,3.5,0.452,42.7,6594,0.771,out
141,Dejounte Martinez,Hawks,PG,20,21.6,8.2,4.1,0.9,0.2,3.7,0.489,39.4,6451,0.423,healthy
142,Darius Carter,Kings,PF,55,16.6,5.2,15.0,1.8,0.2,1.2,0.419,46.6,6708,0.88,healthy
143,Darius White,Pelicans,PG,71,14.4,7.4,4.8,0.8,1.8,1.3,0.453,36.1,5193,0.58,healthy
144,Chris Anderson,Suns,PG,78,31.1,5.4,8.6,2.2,1.0,1.9,0.529,55.4,8229,0.429,healthy
145,Cameron Phillips,Nets,PF,73,20.6,4.8,2.2,1.0,0.4,2.7,0.452,32.0,5869,0.585,healthy
146,Lauri Lewis,Timberwolves,PF,19,8.0,3.2,11.4,0.9,0.7,3.6,0.596,28.4,4919,0.566,healthy
147,Jordan Reed,Suns,C,49,12.4,0.5,9.5,0.9,1.6,3.9,0.531,28.1,4281,0.579,questionable
148,Scottie Perez,Hawks,PG,33,22.7,5.2,1.0,0.5,0.8,3.4,0.485,32.6,5017,0.681,healthy
149,Scottie Green,Nets,PG,53,14.0,5.9,5.1,0.5,1.3,4.2,0.389,30.7,4922,0.639,healthy
150,Paolo Morris,Thunder,C,69,16.8,5.5,9.2,1.5,0.4,3.5,0.5,38.6,6985,0.397,healthy
151,Paolo Johnson,Raptors,SF,71,21.8,6.2,7.5,2.0,1.5,1.9,0.564,46.5,7166,0.343,healthy
152,Jordan Martinez,Heat,SF,26,3.0,6.2,8.5,1.8,0.9,1.8,0.444,27.4,4132,0.774,healthy
153,Bam Roberts,Warriors,SF,74,16.5,4.0,2.3,0.6,1.6,3.4,0.574,28.1,4045,0.664,healthy
154,Mikal Brown,Kings,C,66,14.7,4.3,12.5,1.3,2.0,1.5,0.44,42.6,6507,0.533,healthy
155,Mikal Thompson,Warriors,PG,64,15.9,4.7,4.0,0.5,1.6,1.1,0.578,31.6,4446,0.825,questionable
156,Trae Reed,Raptors,C,62,16.5,2.5,13.4,0.4,0.8,2.8,0.4,38.0,5948,0.552,healthy
157,Chet Anderson,Nets,C,65,18.3,3.4,9.5,1.5,0.7,3.8,0.588,37.8,4953,0.817,healthy
158,Jayson Williams,Hawks,SF,18,17.7,1.4,4.8,1.3,0.9,1.2,0.5,29.6,4309,0.499,healthy
159,Jalen Carter,Nets,SG,31,18.1,4.4,4.6,0.5,0.5,3.7,0.451,30.6,4957,0.347,healthy
160,Dejounte Harris,Heat,PG,22,21.2,10.4,4.3,0.4,0.5,3.8,0.444,42.1,6499,0.906,healthy
161,Zion Walker,Timberwolves,SF,57,17.2,4.6,4.3,2.2,2.0,2.6,0.484,36.6,5258,0.556,questionable
162,Rudy Baker,Kings,SG,27,18.8,5.8,3.3,0.4,1.0,1.0,0.62,33.9,4968,0.815,healthy
163,DeAaron Phillips,Raptors,SG,49,13.4,0.5,1.4,1.1,1.1,1.4,0.433,19.6,3500,0.481,out
164,Karl-Anthony Anderson,Bucks,PF,26,8.2,6.1,6.9,1.3,1.5,3.4,0.405,29.9,3879,0.72,questionable
165,Cade Wright,Mavericks,PG,24,11.3,6.6,5.7,0.5,1.5,3.4,0.52,30.6,3987,0.868,healthy
166,Keldon Lee,76ers,SG,24,21.4,2.5,4.2,0.6,0.3,4.1,0.497,30.1,4050,0.327,questionable
167,Alperen Carter,Pelicans,SF,72,16.6,3.2,8.5,1.0,2.1,3.0,0.506,36.7,5499,0.84,healthy
168,Mikal Jones,Celtics,PF,48,8.6,0.5,7.5,1.7,0.5,1.3,0.54,22.5,3500,0.671,healthy
169,Dejounte Rodriguez,Suns,PG,22,21.2,9.1,1.0,1.3,1.8,1.2,0.444,41.7,6731,0.695,day-to-day
170,Kevin Perez,Cavaliers,C,41,21.9,1.8,11.5,1.5,2.0,3.5,0.599,44.2,6167,0.64,healthy
171,Chris Robinson,Knicks,SF,18,14.0,2.0,4.3,2.2,1.8,1.5,0.485,29.6,4552,0.868,healthy
172,DeMar Scott,Timberwolves,SG,49,11.3,3.7,3.9,1.8,1.5,2.0,0.411,27.3,3805,0.328,healthy
173,Alperen Green,Suns,SG,29,16.5,6.2,7.6,1.1,0.1,2.6,0.558,36.4,5427,0.47,healthy
174,Rudy Davis,Thunder,SF,82,21.3,3.8,3.1,1.1,1.0,0.9,0.534,34.6,4388,0.869,day-to-day
175,Jordan Evans,Thunder,SG,72,22.7,1.2,4.9,1.5,1.6,1.7,0.456,36.0,5900,0.789,healthy
176,Anfernee Allen,Nets,PF,53,11.4,3.9,7.9,1.6,1.0,2.3,0.529,31.2,4199,0.311,healthy
177,Desmond Cook,Hawks,PG,47,25.6,5.1,5.8,1.3,2.2,1.8,0.433,46.6,6456,0.636,healthy
178,Rudy Adams,76ers,PF,69,22.7,0.5,10.1,1.5,0.8,1.3,0.487,40.0,7189,0.644,healthy
179,Trae Nelson,Cavaliers,SG,80,16.3,7.0,5.2,0.3,0.8,3.5,0.596,33.8,5347,0.561,healthy
180,Brandon Carter,Knicks,C,57,11.3,3.4,9.1,1.1,0.7,3.8,0.412,29.5,4906,0.493,healthy
181,Stephen Clark,Lakers,PG,27,15.0,6.8,5.2,0.8,0.9,1.8,0.473,34.2,5359,0.743,healthy
182,Scottie Edwards,76ers,PG,25,15.5,6.3,7.3,0.5,1.4,3.7,0.577,36.0,5173,0.435,healthy
183,Marcus Williams,Mavericks,SF,64,21.8,6.3,5.9,0.5,1.8,2.2,0.613,42.1,5661,0.819,out
184,Lauri Morris,Suns,SF,48,19.1,9.7,5.3,1.4,1.7,2.7,0.489,45.1,6615,0.822,healthy
185,Darius Morgan,Cavaliers,C,77,19.4,3.4,11.0,1.3,2.0,4.0,0.502,42.8,5930,0.57,questionable
186,Tyler Rogers,Clippers,PG,68,21.4,4.9,4.1,0.8,2.2,3.6,0.517,38.1,5255,0.484,questionable
187,Zion Hall,Mavericks,C,71,23.6,2.2,6.7,1.2,2.1,3.8,0.604,40.0,5208,0.485,questionable
188,LeBron Wright,Timberwolves,SF,22,11.7,4.4,6.6,1.2,0.1,1.3,0.586,28.5,4332,0.613,out
189,Jimmy Johnson,Kings,SF,15,18.9,0.5,2.6,0.7,1.9,1.1,0.421,27.6,4926,0.768,healthy
190,Evan Robinson,Nets,PG,69,7.1,7.7,4.9,1.5,0.6,4.1,0.485,26.9,4314,0.533,healthy
191,Lauri Carter,Hawks,PF,23,9.4,3.9,6.0,1.8,0.4,2.2,0.491,26.0,3847,0.697,healthy
192,Joel Collins,Pelicans,SG,63,19.6,6.7,4.6,1.8,1.6,1.9,0.569,41.3,6174,0.549,healthy
193,Dejounte Campbell,Raptors,SF,13,19.1,5.9,7.0,1.4,0.9,3.5,0.525,39.6,4416,0.498,healthy
194,Desmond Edwards,Lakers,SF,48,16.5,3.7,12.1,1.3,0.2,3.9,0.537,38.2,5518,0.316,healthy
195,Evan Perez,Grizzlies,PF,81,13.2,6.0,9.9,0.4,0.4,4.0,0.62,34.2,4416,0.303,out
196,Russell Young,Suns,PF,34,14.1,7.1,11.4,0.8,0.1,2.0,0.398,39.8,6037,0.448,healthy
197,Darius Martin,Thunder,C,41,21.8,2.6,14.7,0.5,2.3,4.0,0.434,47.7,7025,0.564,out
198,Jayson Roberts,Lakers,C,68,13.1,3.3,11.2,2.1,0.2,1.0,0.478,36.2,4995,0.853,healthy
199,Karl-Anthony Lewis,Celtics,SG,72,28.7,0.5,5.2,0.6,0.6,1.0,0.463,37.9,5740,0.819,healthy
200,James Anderson,Lakers,SG,47,24.0,1.1,1.8,0.6,1.1,3.1,0.385,29.7,4506,0.474,healthy
201,Rudy Martinez,Lakers,PG,62,20.3,5.3,3.7,2.0,1.0,1.0,0.402,38.4,6519,0.459,questionable
202,Ja Harris,Mavericks,C,76,9.0,1.6,8.2,2.1,2.3,2.0,0.543,29.4,4753,0.448,healthy
203,Brandon Garcia,Knicks,SF,37,21.7,1.3,5.0,1.8,0.2,3.3,0.591,32.2,4938,0.521,day-to-day
204,Franz Mitchell,Lakers,C,12,12.5,2.4,14.7,0.3,1.3,2.0,0.503,36.7,5031,0.624,out
205,LeBron Nelson,Knicks,SF,31,11.0,2.7,6.3,0.3,1.7,1.5,0.509,26.2,3500,0.585,out
206,Brandon Walker,Raptors,PF,47,18.6,5.1,5.8,1.0,2.3,1.8,0.441,39.2,6179,0.442,healthy
207,Scottie Walker,Heat,C,81,8.1,1.6,13.4,0.6,1.6,2.5,0.564,30.4,4459,0.385,questionable
208,Zion Cook,Celtics,PF,81,12.2,0.5,10.4,0.3,2.0,2.6,0.56,29.2,4504,0.308,questionable
209,Jimmy Davis,76ers,SG,71,19.9,4.3,7.0,1.2,0.3,3.7,0.521,36.2,5919,0.4,healthy
210,Anfernee Carter,Heat,SG,66,31.1,4.0,1.0,2.1,1.0,3.6,0.431,42.8,5663,0.758,healthy
211,Nikola Stewart,Nets,PG,15,14.6,5.3,8.9,0.9,1.0,2.5,0.403,36.2,6128,0.458,healthy
212,DeMar Jones,Thunder,C,41,12.7,2.7,8.6,1.6,2.2,3.9,0.395,33.2,5464,0.605,healthy
213,Jaren Brown,Hawks,PF,19,19.7,0.8,9.9,1.5,0.5,1.2,0.522,36.7,4477,0.684,healthy
214,Luka Sanchez,Celtics,SF,12,10.8,4.2,12.3,0.8,0.5,1.7,0.578,34.2,6306,0.876,day-to-day
215,Tyler Baker,Grizzlies,SG,68,22.2,9.3,9.9,1.5,0.9,3.9,0.586,51.4,7870,0.878,healthy
216,Myles Perez,Kings,SG,58,26.0,0.5,2.1,0.7,0.2,2.2,0.491,30.1,4275,0.785,healthy
217,Lauri Martinez,Timberwolves,SF,68,15.5,2.5,2.4,0.5,0.5,4.4,0.568,22.0,3559,0.323,day-to-day
218,Devin Morgan,Suns,PF,40,21.1,1.6,11.6,1.6,2.4,2.5,0.607,44.8,6231,0.674,healthy
219,Jimmy Baker,Cavaliers,PF,78,17.5,2.1,8.4,0.5,1.1,3.7,0.446,32.5,5148,0.811,questionable
220,Victor Robinson,Warriors,C,71,11.3,4.5,8.7,2.2,1.6,2.3,0.476,35.4,4913,0.311,healthy
221,Victor Scott,76ers,C,61,14.0,3.6,11.6,0.6,1.8,2.4,0.604,37.5,6635,0.657,healthy
222,Evan Turner,Mavericks,PG,50,16.1,8.7,3.6,1.4,1.0,2.2,0.461,37.3,5625,0.858,healthy
223,Evan Hall,76ers,SG,40,19.6,4.1,6.3,1.1,0.5,3.5,0.599,35.1,5589,0.608,healthy
224,Joel Harris,Mavericks,C,31,15.8,0.5,10.2,0.5,0.6,2.8,0.615,30.1,4121,0.303,healthy
225,James Smith,Heat,PF,13,18.9,0.8,9.8,0.4,0.9,4.3,0.539,32.8,5328,0.307,questionable
226,Myles Mitchell,Mavericks,SF,22,19.5,5.0,3.8,1.5,1.6,1.7,0.576,37.1,5558,0.571,healthy
227,Tyler Reed,Thunder,PF,54,3.8,3.3,11.6,1.8,1.1,1.2,0.56,28.4,3554,0.401,out
228,Scottie Parker,Kings,SG,51,19.5,6.5,6.2,1.9,0.1,2.3,0.548,39.8,5850,0.732,healthy
229,Tyrese Campbell,Suns,PF,58,8.5,3.6,9.6,1.2,1.4,3.1,0.454,29.6,5405,0.761,healthy
230,Giannis Walker,Suns,PG,29,16.6,4.6,1.2,1.8,2.3,4.0,0.394,31.2,5109,0.416,healthy
231,Desmond Williams,Thunder,SG,63,19.4,3.0,8.7,1.6,2.0,2.1,0.462,40.9,5945,0.878,healthy
232,Damian King,Raptors,SF,45,21.9,4.6,6.0,1.7,2.1,3.2,0.54,42.3,5410,0.587,questionable
233,Tyrese Turner,Hawks,PG,10,17.8,8.4,5.8,1.2,2.0,2.1,0.405,43.0,6033,0.393,day-to-day
234,Zion Green,Heat,SG,24,21.3,5.7,3.7,1.5,0.9,3.1,0.383,37.7,4951,0.797,questionable
235,Ja Scott,Cavaliers,SF,26,21.0,1.4,6.7,1.8,1.9,4.1,0.414,36.8,4597,0.813,healthy
236,Giannis Rogers,Raptors,PG,33,24.1,4.6,4.7,1.1,0.4,1.7,0.552,39.0,6242,0.716,healthy
237,Chris Baker,Pelicans,PG,67,17.4,6.6,1.0,1.8,1.7,2.3,0.613,34.4,5191,0.855,healthy
238,Rudy Jones,Bucks,SG,81,20.5,6.9,6.0,1.4,1.6,4.5,0.616,42.1,7212,0.779,questionable
239,Damian Martinez,76ers,C,32,15.1,1.1,14.9,0.6,0.2,4.0,0.499,35.0,4751,0.873,healthy
240,Evan King,Warriors,PG,55,15.3,7.9,5.3,0.3,2.0,2.9,0.589,36.9,5533,0.582,healthy
241,Dejounte Lee,Mavericks,PG,81,14.2,7.9,1.6,1.0,2.3,2.7,0.557,33.3,4297,0.786,healthy
242,Jaren Roberts,Grizzlies,SF,17,5.6,5.0,7.6,1.3,0.7,1.9,0.5,25.6,3542,0.95,healthy
243,Mikal Baker,Nets,PF,68,10.6,6.3,10.6,1.9,2.0,2.7,0.517,39.7,5843,0.771,healthy
244,Anfernee Hall,Cavaliers,SG,68,11.1,7.1,5.8,0.5,0.3,3.9,0.413,28.6,4102,0.374,healthy
245,Shai Jones,Thunder,SG,22,26.3,2.8,4.3,1.8,1.5,3.3,0.605,40.8,6146,0.637,questionable
246,Cameron Mitchell,Kings,C,48,15.9,0.5,9.4,1.9,1.3,1.9,0.464,33.8,5555,0.682,day-to-day
247,Marcus Jackson,Kings,C,37,14.4,1.1,9.4,0.6,1.4,1.5,0.487,31.0,5083,0.413,healthy
248,Victor Nelson,Knicks,SG,70,16.4,4.2,6.2,1.9,2.3,1.8,0.541,38.0,5315,0.926,healthy
249,James Jones,Knicks,C,25,15.1,1.8,6.5,2.2,2.2,1.4,0.46,34.0,5084,0.414,healthy
250,Karl-Anthony Brown,Clippers,SF,11,12.8,7.4,5.1,1.7,2.0,1.2,0.441,37.1,5962,0.415,day-to-day
251,Tyrese Allen,Clippers,SG,26,20.9,4.0,8.5,1.8,0.8,2.4,0.531,41.5,6742,0.895,day-to-day
252,Tyrese Johnson,Nets,C,39,16.2,3.8,14.1,2.2,2.3,1.2,0.386,47.9,6854,0.602,day-to-day
253,Chris Scott,Bucks,SG,22,15.7,4.4,1.0,1.5,0.3,1.4,0.553,26.4,4314,0.341,questionable
254,Tyler Wright,Knicks,PF,22,11.6,2.3,5.2,0.9,2.1,2.8,0.503,26.2,4095,0.689,healthy
255,Chet Allen,Suns,PG,52,22.8,3.2,3.3,1.9,0.9,1.4,0.525,36.6,4957,0.691,questionable
256,Damian Morgan,Clippers,SG,30,19.7,3.8,6.7,1.5,0.2,1.0,0.532,36.7,5905,0.342,healthy
257,Mikal Collins,Kings,PG,64,14.1,13.0,1.0,1.4,1.7,2.0,0.506,40.0,6075,0.932,healthy
258,Anfernee Harris,Thunder,C,49,13.1,0.5,9.9,0.8,0.7,1.6,0.52,28.4,3500,0.654,healthy
259,Mikal Parker,76ers,PG,24,12.9,3.4,2.8,1.7,0.7,2.7,0.544,24.9,3588,0.664,healthy
260,Shai Collins,Thunder,SG,82,19.7,7.9,7.8,0.5,0.8,1.2,0.561,43.3,6514,0.638,healthy
261,DeMar Green,Clippers,PF,61,20.2,4.5,3.8,2.1,0.3,3.6,0.555,34.7,4902,0.697,healthy
262,Devin Harris,Nuggets,C,62,14.9,2.9,10.2,0.9,0.5,4.2,0.589,32.7,5519,0.472,healthy
263,Marcus Morris,Mavericks,SG,61,31.8,6.7,3.5,0.5,0.1,3.6,0.425,45.6,7472,0.487,out
264,LeBron Morgan,Warriors,C,39,17.1,0.8,13.7,1.1,1.2,2.8,0.476,38.6,5598,0.632,healthy
265,Jordan Hall,Grizzlies,SF,42,18.1,3.3,7.5,0.4,0.3,4.0,0.607,31.8,4523,0.824,healthy
266,Jalen King,Clippers,PG,66,13.5,8.9,2.5,1.6,1.7,3.4,0.475,34.9,5169,0.332,healthy
267,Nikola Green,Warriors,SF,61,15.8,7.7,8.1,2.0,0.7,0.8,0.41,42.5,6274,0.692,healthy
268,Evan Jackson,Hawks,SG,18,16.1,1.7,3.5,1.9,2.4,2.3,0.506,30.5,4278,0.824,healthy
269,Evan Mitchell,Lakers,PF,63,5.2,5.6,10.5,0.5,2.2,3.9,0.406,30.2,3500,0.402,healthy
270,Bam Wilson,Heat,C,10,19.9,3.3,9.4,0.5,0.8,2.1,0.429,38.2,6607,0.31,healthy
271,Kevin Morgan,Kings,PG,53,15.4,7.3,6.6,1.8,2.0,0.9,0.62,41.8,6270,0.503,questionable
272,Karl-Anthony White,Timberwolves,C,18,11.2,2.5,11.1,2.1,2.0,3.6,0.51,35.2,5190,0.682,day-to-day
273,Desmond Roberts,Raptors,SG,41,21.1,1.2,12.7,1.2,2.5,3.8,0.448,44.3,6807,0.39,healthy
274,Scottie Lee,Nuggets,C,24,17.6,4.4,9.9,1.2,1.5,1.4,0.619,41.3,6154,0.577,healthy
275,Cameron Jackson,Bucks,PG,21,16.4,5.4,5.0,0.9,0.3,2.8,0.612,31.8,4554,0.659,healthy
276,Anfernee Thomas,Kings,SG,66,20.0,1.8,3.3,2.0,1.7,1.5,0.486,33.5,4522,0.689,out
277,Darius Perez,Raptors,C,17,18.7,4.3,10.0,1.5,1.6,3.5,0.442,42.1,5395,0.478,healthy
278,Chris Perez,Thunder,PF,81,14.2,4.6,1.2,0.8,1.6,1.8,0.581,26.5,3500,0.56,questionable
279,Dejounte Roberts,Timberwolves,SG,36,21.5,4.2,5.7,0.9,0.8,2.0,0.552,37.3,5036,0.806,questionable
280,Paolo Cook,Clippers,SG,71,11.7,6.2,7.9,2.0,2.2,3.9,0.545,37.3,5920,0.912,day-to-day
281,Jaren Nelson,Mavericks,PF,21,9.8,5.9,9.0,0.3,2.4,2.6,0.594,34.0,5462,0.86,day-to-day
282,Darius Hall,Bucks,SF,74,20.0,6.1,2.7,0.9,0.6,3.3,0.545,33.9,4644,0.667,healthy
283,Tyler Turner,Celtics,PG,51,11.5,5.9,2.0,1.4,0.3,2.3,0.448,25.1,3500,0.567,healthy
284,Damian Cook,Bucks,SF,71,18.2,5.5,1.0,0.6,0.6,1.9,0.547,29.2,4384,0.516,day-to-day
285,Devin Hall,Celtics,C,20,14.3,2.9,12.4,0.5,2.1,3.1,0.453,37.8,5459,0.381,healthy
286,Bam Baker,Hawks,PF,52,14.2,6.5,5.5,1.8,1.7,1.4,0.562,37.1,5341,0.369,healthy
287,Chet Reed,Celtics,SF,26,12.9,3.3,5.9,2.0,1.6,2.2,0.529,31.3,5172,0.747,healthy
288,Devin Rodriguez,Bucks,SG,41,24.5,3.3,4.1,1.9,1.1,1.6,0.399,39.8,6039,0.469,healthy
289,Chris Roberts,76ers,C,49,23.6,1.3,13.7,2.0,1.5,3.4,0.503,48.0,6711,0.466,out
290,Damian Evans,Heat,C,32,16.5,2.9,10.2,1.4,0.8,4.3,0.462,35.8,4766,0.949,healthy
291,Victor Harris,Grizzlies,SF,65,18.6,4.4,8.0,1.8,1.2,4.5,0.459,39.0,5718,0.422,healthy
292,Joel Wilson,Clippers,SF,15,13.6,4.5,7.4,1.0,2.0,2.5,0.525,34.4,4706,0.396,day-to-day
293,Franz Thompson,Clippers,PF,59,10.0,3.7,11.4,1.6,2.5,1.7,0.457,37.2,5543,0.364,questionable
294,Marcus Rodriguez,Kings,PG,46,17.8,8.3,3.4,2.2,2.3,2.4,0.566,42.3,6858,0.677,healthy
295,Myles Martinez,Warriors,SF,73,12.1,3.1,10.7,0.7,2.3,3.9,0.397,34.2,4440,0.708,healthy
296,Giannis Perez,Knicks,SF,63,8.1,1.8,1.0,1.0,1.1,1.6,0.538,15.4,3500,0.537,healthy
297,Damian Young,Thunder,SG,81,24.0,2.1,6.6,1.2,1.2,4.3,0.574,38.0,6157,0.648,healthy
298,Trae Roberts,Suns,C,58,19.3,4.5,7.8,0.6,1.8,2.1,0.541,39.6,5896,0.812,healthy
299,Brandon Martinez,Hawks,PG,20,13.7,7.9,2.8,0.5,2.3,4.4,0.499,32.4,5220,0.832,healthy
300,Jaren Sanchez,Lakers,SG,58,21.2,0.5,5.9,1.9,0.4,3.9,0.608,32.0,4656,0.923,healthy
301,Jimmy Campbell,Warriors,PF,30,21.0,5.2,9.4,2.2,0.8,3.8,0.452,44.6,6775,0.836,healthy
302,Brandon Green,Suns,PF,75,17.0,6.8,9.5,1.1,0.4,2.0,0.385,41.1,6385,0.667,healthy
303,Pascal White,Bucks,SF,72,11.0,2.1,2.5,0.5,1.6,0.8,0.484,21.1,3500,0.417,healthy
304,Paolo Rogers,Pelicans,SF,37,15.8,4.2,9.6,0.4,0.8,2.2,0.388,35.4,6305,0.365,healthy
305,Damian Thomas,Grizzlies,PF,26,22.6,2.1,5.7,2.0,0.9,1.9,0.609,37.7,5943,0.335,questionable
306,Shai Stewart,Kings,SF,15,18.2,4.8,4.1,1.2,0.3,0.9,0.43,33.1,5616,0.733,healthy
307,Jalen Phillips,Nets,PG,28,20.7,4.7,5.6,0.9,0.9,2.7,0.569,37.0,6085,0.825,healthy
308,Jayson Morris,Nets,SF,65,18.7,3.4,5.3,1.2,2.2,2.3,0.566,36.1,5578,0.631,healthy
309,Devin Parker,Celtics,C,37,10.7,4.5,10.8,0.9,0.7,3.1,0.432,32.6,5582,0.336,day-to-day
310,Jimmy Thomas,Nuggets,SF,75,13.9,6.0,1.0,1.2,1.8,3.1,0.529,28.6,4383,0.648,healthy
311,Russell Wright,Nuggets,SG,47,21.7,4.9,5.2,1.9,1.6,1.2,0.392,41.9,5920,0.908,healthy
312,LeBron Jones,76ers,PG,46,22.1,6.3,4.5,1.4,2.2,4.4,0.496,42.2,6337,0.688,healthy
313,Desmond Turner,Knicks,SG,77,25.5,0.8,3.2,1.6,0.4,1.5,0.384,33.9,4581,0.826,questionable
314,DeAaron Rodriguez,Mavericks,SG,58,15.7,2.5,1.0,1.0,2.4,2.4,0.601,26.3,3500,0.82,healthy
315,Nikola Reed,Hawks,C,52,17.2,1.6,9.5,1.7,1.5,2.6,0.614,36.6,5063,0.906,healthy
316,Zion Robinson,Nets,PG,45,23.9,5.6,3.9,1.6,2.5,3.8,0.433,43.5,6561,0.801,healthy
317,Jayson Young,Heat,PG,67,13.1,7.1,3.1,0.5,2.3,1.2,0.43,32.6,5420,0.786,healthy
318,Cameron Davis,Raptors,PG,22,25.4,6.3,1.0,1.4,0.6,2.4,0.561,38.9,5407,0.452,questionable
319,DeMar Campbell,Celtics,PG,61,26.2,7.3,8.0,0.8,0.2,3.1,0.441,47.6,7645,0.339,healthy
320,Cade Jackson,Heat,PG,67,31.1,9.4,2.4,1.8,0.7,1.6,0.595,52.4,7254,0.636,healthy
321,Evan Rodriguez,76ers,C,41,16.2,1.7,9.4,1.1,1.4,3.1,0.518,34.0,4640,0.381,healthy
322,Jaren Williams,Timberwolves,SF,69,18.2,0.7,1.0,2.2,0.5,4.2,0.464,23.8,4294,0.925,healthy
323,Karl-Anthony Martin,Celtics,SG,67,24.1,2.6,8.5,0.5,0.5,4.5,0.58,38.4,5783,0.488,healthy
324,Russell Scott,Warriors,PG,65,22.0,8.2,2.8,1.8,1.2,0.9,0.498,43.3,6408,0.854,healthy
325,Chet Scott,Nuggets,SF,37,22.6,4.9,6.2,1.6,0.2,1.7,0.599,40.4,6177,0.552,healthy
326,Nikola Evans,Nuggets,SF,10,20.9,4.3,8.8,1.8,0.4,1.9,0.603,41.8,5666,0.51,healthy
327,Jaren Smith,Lakers,SG,51,19.5,6.6,2.8,0.9,1.1,2.3,0.42,35.8,5204,0.908,healthy
328,Stephen Martin,Suns,C,57,21.1,2.1,12.4,1.2,0.3,1.7,0.381,41.9,6286,0.536,day-to-day
329,Franz Cook,Kings,PF,49,10.6,7.1,2.8,1.8,1.1,1.6,0.616,29.8,5085,0.554,questionable
330,Scottie Carter,Bucks,PF,72,16.0,4.6,9.4,0.7,1.2,4.3,0.597,36.3,4609,0.369,day-to-day
331,DeAaron Davis,Knicks,SF,81,24.8,0.5,9.9,0.7,1.2,4.2,0.393,39.6,6821,0.736,healthy
332,DeMar Sanchez,Hawks,SG,13,13.7,7.6,3.0,1.3,2.2,1.0,0.58,35.4,5247,0.488,day-to-day
333,Tyler Sanchez,Cavaliers,PF,47,12.6,1.5,10.8,1.3,1.4,2.1,0.49,32.7,4349,0.681,healthy
334,Myles Lee,Grizzlies,SF,36,20.4,1.4,10.6,0.8,1.2,2.3,0.442,38.6,5144,0.684,healthy
335,Tyrese Lee,Warriors,C,18,17.0,3.5,9.4,0.9,1.1,1.7,0.591,37.2,5716,0.767,questionable
336,Anthony Turner,Nets,PF,25,11.6,0.5,7.2,0.8,2.1,3.1,0.427,25.6,3500,0.784,healthy
337,Cameron Perez,Pelicans,SF,65,14.9,2.1,3.8,1.8,2.2,3.2,0.607,29.2,4099,0.634,healthy
338,Ja Garcia,Grizzlies,SF,40,11.1,6.6,4.7,1.5,2.1,3.9,0.429,32.1,4690,0.515,healthy
339,Marcus Smith,Grizzlies,PG,23,22.9,8.1,2.0,1.9,1.7,3.5,0.527,43.0,7021,0.844,healthy
340,Stephen Martinez,Kings,C,34,13.7,4.1,7.8,2.2,0.4,2.8,0.434,33.4,5519,0.501,healthy
341,Damian Jackson,Mavericks,PG,43,27.0,5.7,7.0,1.2,0.8,3.2,0.511,46.7,6683,0.63,healthy
342,Tyler Martinez,Lakers,SG,76,20.4,0.9,2.5,0.4,0.2,1.8,0.544,25.2,3673,0.561,questionable
343,Nikola Phillips,Nuggets,PG,33,16.9,8.4,4.6,0.4,2.3,3.0,0.426,39.2,5082,0.856,healthy
344,Damian Allen,Raptors,PG,82,16.4,8.9,4.1,0.9,1.7,2.6,0.505,38.8,4800,0.581,healthy
345,Franz Anderson,Suns,PF,35,14.8,4.8,11.7,2.1,1.9,1.3,0.493,44.0,5985,0.551,healthy
346,Franz Roberts,Cavaliers,SF,29,17.6,3.9,4.7,1.3,0.8,1.7,0.397,32.7,5466,0.748,healthy
347,Evan Anderson,Kings,C,73,27.6,0.6,11.0,0.8,2.1,1.9,0.576,47.1,7455,0.692,day-to-day
348,Franz Turner,Lakers,PG,19,16.3,11.9,6.0,1.1,0.7,4.2,0.461,43.2,6671,0.37,healthy
349,Cade Robinson,Raptors,C,76,13.5,3.5,13.7,1.4,0.1,1.7,0.518,38.0,4971,0.63,healthy
350,Joel Carter,Cavaliers,PG,33,18.3,6.7,2.7,1.5,1.0,1.9,0.504,35.8,5014,0.778,healthy
351,Chet Martin,Nuggets,SG,14,25.5,3.7,3.0,0.6,1.5,2.2,0.503,37.9,5256,0.945,healthy
352,Franz Reed,Hawks,PG,76,10.9,7.3,1.3,2.2,1.2,3.3,0.406,28.6,4207,0.709,healthy
353,Desmond Martin,Nuggets,PF,67,18.3,5.1,13.6,1.3,2.2,1.2,0.482,49.4,7295,0.541,healthy
354,Rudy Perez,Kings,SF,36,12.9,3.9,9.5,0.6,0.4,4.3,0.489,30.5,4074,0.447,healthy
355,Luka Clark,Nuggets,SG,24,22.8,5.7,4.4,2.0,1.4,4.0,0.556,41.6,6414,0.867,healthy
356,Scottie Johnson,Timberwolves,PG,44,15.5,7.3,8.8,0.4,1.3,2.9,0.582,39.4,6024,0.829,healthy
357,Shai Baker,Timberwolves,C,62,3.5,2.3,9.7,2.0,0.8,3.3,0.511,23.0,3500,0.452,healthy
358,Russell Sanchez,Kings,SG,53,21.8,5.3,6.3,2.2,2.1,0.9,0.401,45.8,7022,0.43,healthy
359,Giannis Carter,Hawks,SG,35,21.8,5.2,4.5,1.6,1.9,2.1,0.437,41.2,6742,0.765,healthy
360,James Clark,Hawks,PG,56,15.1,6.7,5.0,1.8,1.9,3.7,0.42,36.9,6249,0.505,questionable
361,Chris White,76ers,SG,43,16.8,2.5,5.2,0.9,2.2,1.1,0.41,32.7,5150,0.499,healthy
362,Trae King,Kings,C,59,8.4,3.2,8.9,2.1,1.8,1.8,0.468,31.2,4910,0.399,healthy
363,Cade Cook,Raptors,SG,21,23.9,4.2,7.2,1.3,0.7,3.0,0.435,41.7,6134,0.472,healthy
364,Devin Carter,Thunder,C,13,19.4,1.4,11.8,1.7,1.8,1.7,0.432,42.4,6874,0.578,healthy
365,Keldon Evans,Nets,PG,57,13.6,5.3,6.6,2.1,0.8,4.3,0.393,33.4,4474,0.776,healthy
366,Luka Scott,Celtics,SF,64,14.3,4.3,6.8,2.2,0.7,1.3,0.384,34.4,5616,0.519,healthy
367,Jalen Jones,Mavericks,SG,10,19.7,5.1,2.2,1.9,0.3,3.8,0.405,32.6,4746,0.514,healthy
368,Marcus Jones,Nuggets,SF,75,28.4,2.8,10.3,0.9,1.9,2.7,0.421,49.7,8200,0.485,healthy
369,DeAaron Williams,Raptors,C,39,17.7,1.3,9.3,2.1,1.8,3.6,0.483,37.3,5889,0.611,healthy
370,Brandon Turner,Lakers,SG,12,15.3,2.3,5.4,1.5,0.7,1.9,0.503,29.0,4316,0.417,healthy
371,Anfernee Jackson,Warriors,PF,30,17.5,3.8,9.6,2.1,1.9,2.7,0.414,41.8,6151,0.616,healthy
372,Shai Rodriguez,76ers,SF,58,10.1,1.9,6.9,1.6,2.3,4.0,0.482,27.4,4372,0.758,healthy
373,Jalen Lee,Nuggets,SG,71,23.6,8.5,6.8,0.9,0.4,2.5,0.462,46.2,7168,0.319,healthy
374,Ja Thomas,Nuggets,SF,47,25.4,2.7,8.7,1.0,0.7,2.1,0.424,42.7,6205,0.306,healthy
375,Rudy Smith,Lakers,SG,24,28.4,0.5,3.9,1.3,1.9,2.8,0.382,39.0,5895,0.349,questionable
376,Kevin Smith,Timberwolves,PG,61,21.7,6.9,8.1,1.8,0.8,3.5,0.492,45.6,7288,0.648,questionable
377,Chris Parker,Clippers,SF,55,14.1,3.4,5.3,0.9,1.6,2.4,0.545,29.6,3758,0.855,healthy
378,Tyler Mitchell,Nets,PF,34,9.5,5.2,8.8,1.4,0.3,4.3,0.434,29.6,4802,0.303,healthy
379,Franz Adams,Kings,PF,30,9.0,3.6,7.0,1.0,1.2,1.9,0.412,26.6,4250,0.909,healthy
380,Nikola Campbell,Grizzlies,C,14,3.0,0.8,8.3,1.8,1.9,2.6,0.593,20.7,3698,0.369,out
381,Stephen Morgan,Raptors,SG,79,23.5,3.4,7.1,1.2,1.7,3.6,0.446,41.5,5867,0.847,healthy
382,Damian Smith,Thunder,SF,56,16.5,4.2,13.8,0.4,2.1,3.3,0.434,43.4,6512,0.614,healthy
383,Alperen Baker,Cavaliers,C,77,19.5,0.5,9.1,0.6,2.2,4.0,0.586,35.2,5382,0.729,healthy
384,Jalen Reed,Celtics,SF,27,24.1,6.2,9.0,0.4,2.0,4.5,0.576,47.2,7449,0.632,healthy
385,Myles Hall,Thunder,SG,30,20.5,2.3,3.7,1.2,1.7,2.4,0.488,33.2,5194,0.61,healthy
386,Donovan Turner,Heat,PF,32,16.7,5.8,8.0,0.5,0.2,1.2,0.497,36.2,4810,0.843,healthy
387,Trae Thompson,Hawks,PG,73,15.7,7.8,8.4,0.5,1.4,0.9,0.432,41.2,6325,0.791,healthy
388,LeBron White,Cavaliers,PF,76,14.3,4.3,5.3,2.1,0.2,3.5,0.399,30.2,5532,0.614,healthy
389,Jaren Phillips,Thunder,C,49,18.6,4.8,6.7,2.0,2.0,4.0,0.518,40.2,6335,0.373,questionable
390,Keldon Phillips,Kings,PG,19,17.1,8.1,3.8,1.2,0.9,1.6,0.404,37.4,6429,0.375,healthy
391,Russell Mitchell,76ers,C,61,13.4,3.8,11.7,2.2,1.4,1.4,0.488,40.2,6551,0.821,healthy
392,Paolo Baker,Raptors,SG,81,19.9,3.7,5.7,0.3,0.8,1.0,0.606,34.3,5826,0.644,healthy
393,Donovan Wright,Knicks,PG,70,22.4,7.7,4.9,1.5,2.0,3.8,0.609,45.2,6934,0.613,healthy
394,Mikal Allen,Raptors,C,73,11.5,1.3,10.1,1.5,2.2,2.0,0.437,32.5,5135,0.742,healthy
395,Donovan Baker,Pelicans,SG,14,19.7,3.3,6.5,1.2,1.1,2.3,0.53,36.2,5557,0.858,healthy
396,Jimmy Robinson,Thunder,PF,62,17.2,6.9,1.0,1.1,2.2,2.7,0.494,34.0,5102,0.709,healthy
397,Giannis Green,Grizzlies,SG,64,25.8,2.4,2.6,1.2,0.7,3.9,0.59,34.5,5546,0.796,healthy
398,Kevin Jackson,Suns,SF,46,15.8,3.8,5.8,1.1,1.4,3.2,0.445,32.2,4569,0.797,healthy
399,Jalen Jackson,Thunder,SG,65,16.4,4.2,6.3,1.7,2.2,3.1,0.381,36.8,6462,0.532,healthy
400,Jalen Lewis,Lakers,SG,68,17.6,3.4,8.2,0.6,0.9,1.4,0.419,35.2,4815,0.478,healthy
401,Darius Jones,Suns,SF,78,22.3,4.5,3.8,0.7,2.4,2.7,0.464,38.6,6195,0.821,healthy
402,Keldon Davis,76ers,C,82,25.2,3.7,13.6,0.6,0.4,3.4,0.456,48.0,7889,0.545,healthy
403,LeBron Martin,Nuggets,C,68,8.4,0.6,8.9,0.8,0.1,4.4,0.57,20.0,3500,0.887,healthy
404,Pascal Collins,Hawks,SG,11,14.5,4.2,4.2,1.3,2.3,1.5,0.543,32.5,4318,0.345,healthy
405,Dejounte White,Hawks,SF,74,16.2,1.3,7.5,0.5,0.3,0.8,0.452,28.7,4882,0.338,healthy
406,Tyrese Adams,Celtics,SF,69,17.6,5.1,5.5,1.9,2.5,1.1,0.49,40.4,6161,0.903,healthy
407,Anthony Martinez,Lakers,PF,60,19.9,3.4,10.8,0.9,2.4,2.2,0.403,44.0,7006,0.721,healthy
408,Nikola Brown,Cavaliers,C,39,10.5,2.7,9.0,0.6,0.4,3.8,0.596,25.9,3830,0.547,healthy
409,Lauri Brown,Grizzlies,PG,20,12.7,8.3,3.0,1.6,1.4,0.8,0.605,34.5,6040,0.791,questionable
410,Scottie Williams,Thunder,C,48,15.7,1.9,12.6,0.4,0.5,2.5,0.615,34.8,4161,0.737,healthy
411,Tyler Williams,Thunder,C,81,13.7,4.3,8.1,1.5,1.1,2.0,0.588,34.5,5363,0.645,healthy
412,Cade Green,Timberwolves,PF,72,20.6,1.1,8.6,1.6,0.2,1.0,0.422,36.1,6085,0.364,healthy
413,Tyler Morgan,Suns,PG,73,20.4,9.8,1.0,0.7,0.6,2.5,0.391,37.7,5707,0.828,healthy
414,Victor Lee,Hawks,PF,70,18.8,1.9,12.5,0.4,1.0,1.7,0.519,39.2,6031,0.863,healthy
415,Giannis Clark,Suns,PG,63,17.5,3.6,7.0,1.0,1.2,2.1,0.599,35.0,5032,0.412,healthy
416,Franz Edwards,Timberwolves,SG,82,31.8,3.3,11.4,0.5,2.4,3.4,0.423,55.1,8275,0.853,healthy
417,Zion Lee,Kings,PG,67,13.8,6.1,7.3,0.5,2.0,2.7,0.382,35.7,4519,0.871,healthy
418,Luka Smith,Suns,PF,65,19.1,2.3,5.2,0.8,1.9,1.3,0.573,33.8,4710,0.657,healthy
419,Giannis Evans,Nets,C,43,8.7,3.0,11.7,0.9,1.4,4.4,0.398,30.2,4136,0.727,healthy
420,Rudy Mitchell,Bucks,PG,40,12.6,9.2,1.7,1.3,2.1,3.2,0.479,33.7,5389,0.548,healthy
421,Chris Thompson,Lakers,PG,61,15.0,6.6,7.9,1.6,0.9,3.6,0.543,38.0,5414,0.483,healthy
422,Evan Sanchez,Lakers,SF,10,25.1,2.1,3.2,1.4,1.8,1.1,0.437,38.1,5443,0.769,out
423,Evan Rogers,Clippers,C,64,16.3,0.5,7.1,0.6,2.5,1.0,0.4,31.6,4551,0.86,healthy
424,Zion Rogers,Pelicans,SG,31,17.0,3.1,1.0,0.6,0.9,0.9,0.565,25.4,3500,0.725,healthy
425,Alperen Collins,Nets,PF,49,17.9,0.5,6.8,2.0,1.7,1.5,0.531,33.8,5204,0.633,healthy
426,Dejounte Robinson,Pelicans,SG,10,20.2,2.5,2.8,1.4,2.1,2.3,0.617,33.3,5183,0.403,healthy
427,Evan Roberts,Nuggets,C,74,12.5,5.0,6.8,2.0,2.3,4.3,0.463,35.0,5662,0.335,questionable
428,Zion Thompson,Mavericks,PG,72,11.0,5.4,9.0,1.0,1.8,2.5,0.395,34.7,5531,0.59,questionable
429,Evan Scott,Celtics,PG,63,25.2,8.3,5.3,1.5,0.8,1.9,0.556,47.9,7461,0.332,healthy
430,Brandon Thompson,Thunder,C,51,16.0,0.5,11.0,1.3,0.9,2.9,0.505,33.4,4845,0.67,questionable
431,Darius Johnson,76ers,PG,30,28.9,10.5,8.0,0.9,0.1,1.2,0.431,56.0,8203,0.549,healthy
432,Karl-Anthony King,Mavericks,PG,31,22.7,10.7,4.6,1.2,1.9,3.1,0.568,49.2,6944,0.792,healthy
433,Ja Wilson,Lakers,PG,47,20.8,8.2,2.1,1.3,0.2,2.9,0.429,37.3,5150,0.499,out
434,Stephen Rogers,Mavericks,PF,17,13.8,7.0,3.7,0.7,2.2,3.7,0.443,32.9,5032,0.685,questionable
435,Brandon Morris,Pelicans,PF,71,10.5,3.7,6.0,0.9,0.4,4.5,0.402,23.9,3500,0.649,healthy
436,Pascal Rogers,Knicks,SF,56,15.9,5.0,9.8,1.8,0.5,1.7,0.476,39.4,6644,0.303,questionable
437,DeAaron Perez,Mavericks,SG,26,14.4,6.5,1.4,2.0,1.2,2.7,0.481,30.9,4616,0.347,day-to-day
438,Donovan Young,Knicks,C,26,18.3,2.9,10.9,1.0,1.9,4.2,0.503,40.0,6750,0.489,questionable
439,Anfernee Scott,Mavericks,C,22,23.2,0.5,12.6,0.9,0.4,3.7,0.55,40.4,6345,0.873,questionable
440,Shai Campbell,Cavaliers,C,26,13.7,4.1,10.7,0.7,1.2,2.6,0.597,35.7,4966,0.396,questionable
441,Jalen Campbell,Bucks,SF,47,21.7,2.6,7.0,1.6,1.3,4.3,0.413,38.0,5668,0.762,healthy
442,Zion King,Celtics,PF,54,12.6,2.2,9.6,0.9,0.6,1.0,0.393,30.4,3723,0.933,questionable
443,DeMar Young,76ers,SF,15,15.5,4.1,6.9,2.2,0.4,4.2,0.384,33.4,5105,0.814,healthy
444,Jalen Martin,Nets,C,44,10.9,3.6,14.0,0.9,2.1,1.0,0.414,39.3,5552,0.458,out
445,Chet Young,Bucks,SG,23,9.3,4.3,1.9,1.0,1.3,2.8,0.538,21.3,3500,0.89,healthy
446,Stephen Evans,76ers,PG,81,17.8,8.3,4.6,1.4,0.1,4.1,0.555,37.0,6311,0.361,healthy
447,Myles Roberts,Clippers,PF,70,16.6,1.6,3.5,1.8,2.0,1.8,0.569,30.1,5030,0.604,healthy
448,Myles Walker,76ers,PF,24,21.3,2.9,2.8,1.2,2.5,2.5,0.438,35.3,5796,0.877,healthy
449,Keldon Rogers,Celtics,SF,63,21.0,5.2,5.8,1.1,1.6,2.0,0.453,40.4,6451,0.717,healthy
450,Nikola Parker,Thunder,PF,36,20.0,6.5,9.4,2.2,1.3,4.3,0.496,46.4,6342,0.569,day-to-day
451,Chris Stewart,Knicks,C,22,10.1,6.8,14.1,0.3,2.2,3.8,0.395,41.0,5949,0.49,day-to-day
452,Victor Edwards,Mavericks,C,40,17.3,3.4,15.0,2.0,2.4,3.4,0.527,48.2,7060,0.544,healthy
453,Bam Turner,Clippers,SF,44,24.9,5.2,9.3,0.6,1.9,3.0,0.616,47.8,6315,0.631,day-to-day
454,Luka King,Knicks,C,69,16.9,6.5,11.8,1.8,1.2,3.8,0.467,45.5,6546,0.507,questionable
455,Keldon Sanchez,Cavaliers,SG,15,29.1,2.7,4.9,1.5,1.5,2.3,0.561,44.1,6341,0.93,healthy
456,Luka Turner,Lakers,SF,78,27.1,4.8,2.2,0.9,1.8,2.5,0.5,41.2,6242,0.907,healthy
457,Mikal Walker,Heat,SG,67,18.7,5.5,4.1,2.0,0.6,3.5,0.411,35.5,6591,0.866,out
458,Trae Davis,Hawks,PG,58,14.5,9.9,7.2,0.3,1.2,2.1,0.52,40.3,6034,0.574,healthy
459,Luka Reed,Lakers,SG,32,16.2,1.7,6.7,0.7,2.1,1.0,0.452,32.2,4893,0.749,questionable
460,Kevin Baker,Kings,PG,43,10.4,5.1,1.0,1.4,1.7,1.1,0.388,25.0,3624,0.887,questionable
461,Anthony Baker,Heat,PG,35,15.4,7.0,5.5,1.0,1.1,1.2,0.532,36.4,5828,0.853,questionable
462,Marcus Allen,Hawks,SG,56,26.0,4.8,5.8,1.5,1.7,4.0,0.586,44.8,6183,0.569,healthy
463,Joel Williams,Clippers,SF,14,6.0,5.7,6.9,0.3,0.4,2.5,0.463,23.3,4443,0.373,healthy
464,Marcus Parker,Lakers,C,29,9.8,3.5,9.9,0.5,1.1,3.4,0.474,28.9,4272,0.349,healthy
465,Anfernee Roberts,Timberwolves,C,15,14.4,2.2,11.7,0.5,2.0,2.3,0.594,36.2,5232,0.675,healthy
466,Darius Adams,Timberwolves,PG,79,13.6,7.8,5.7,0.7,0.6,1.8,0.575,34.1,5600,0.718,healthy
467,Luka Johnson,Warriors,PG,68,15.4,7.6,2.4,1.2,0.5,2.1,0.552,32.2,4384,0.852,healthy
468,Anthony Brown,Kings,SF,73,14.4,7.0,7.1,1.7,2.4,3.7,0.44,40.1,6374,0.49,healthy
469,Donovan Davis,76ers,PF,27,14.7,3.3,7.5,2.0,0.6,3.1,0.598,32.7,5607,0.409,questionable
470,DeAaron Johnson,Cavaliers,SG,13,16.4,3.2,1.0,1.9,0.7,4.3,0.417,25.5,3704,0.546,healthy
471,Donovan White,Warriors,PG,26,13.9,7.9,2.6,0.7,2.4,3.3,0.53,33.6,6066,0.53,healthy
472,Nikola King,Suns,C,23,19.7,2.9,6.1,1.1,1.9,2.9,0.387,36.2,5752,0.386,healthy
473,Karl-Anthony Stewart,Nets,SF,22,22.2,0.5,8.5,0.7,1.8,3.1,0.534,37.0,5878,0.737,healthy
474,Giannis Davis,Nets,SG,16,13.1,4.0,5.4,0.8,2.1,4.3,0.447,29.5,5107,0.631,healthy
475,Evan Brown,Grizzlies,SF,53,3.2,3.3,5.1,1.3,0.4,3.7,0.488,16.1,3500,0.769,healthy
476,Mikal Lewis,Celtics,SG,24,25.3,2.9,8.1,0.4,1.8,0.9,0.463,43.7,6685,0.529,healthy
477,Myles Smith,Nets,SG,28,13.9,6.1,4.7,0.7,1.3,2.8,0.421,31.5,5123,0.512,healthy
478,Evan Thompson,Mavericks,PG,72,19.1,5.4,1.0,2.1,2.1,3.3,0.529,35.2,5978,0.607,healthy
479,DeAaron Turner,Warriors,SF,44,9.2,4.4,4.9,1.2,1.3,3.6,0.592,25.1,3500,0.87,out
480,Anthony Roberts,Suns,SF,44,23.5,3.2,10.1,1.1,1.6,1.6,0.61,45.5,5960,0.326,questionable
481,Devin Collins,Pelicans,C,28,27.7,2.7,8.3,0.3,1.2,4.0,0.426,43.1,6436,0.823,day-to-day
482,Stephen Carter,Celtics,C,29,15.9,3.3,10.7,0.8,1.2,4.3,0.552,36.1,4538,0.54,out
483,Luka Morgan,76ers,PG,44,17.5,4.4,5.9,1.9,1.9,1.7,0.539,38.2,5573,0.856,day-to-day
484,Brandon Jackson,Kings,PG,41,16.4,7.4,5.5,0.6,1.6,4.1,0.462,36.7,5662,0.821,questionable
485,DeMar Johnson,Nuggets,PF,57,19.9,7.6,14.1,1.1,1.6,1.2,0.385,53.7,7917,0.527,healthy
486,James Turner,Celtics,C,53,17.8,0.5,7.1,0.3,1.2,1.0,0.546,29.9,4414,0.751,healthy
487,Joel Robinson,Pelicans,SG,33,25.0,3.9,1.8,1.2,1.4,1.3,0.607,37.6,5139,0.404,healthy
488,Joel White,Nuggets,SF,70,13.9,5.7,3.1,0.3,1.9,1.0,0.532,30.2,4924,0.883,healthy
489,Donovan Allen,Hawks,PG,26,19.7,7.6,3.3,1.9,2.1,3.9,0.484,41.3,5663,0.563,healthy
490,Alperen Adams,Kings,SF,80,14.3,4.9,8.7,1.9,1.8,1.0,0.506,39.4,4858,0.596,healthy
491,Chris Jones,Bucks,SF,59,11.7,0.5,3.4,1.8,2.3,1.8,0.428,24.0,3500,0.759,questionable
492,DeMar Morgan,Hawks,PF,74,15.8,4.2,10.8,0.8,2.1,1.2,0.56,40.8,6577,0.834,day-to-day
493,Ja White,Cavaliers,C,41,10.4,1.0,10.1,1.9,1.4,1.9,0.559,30.2,4569,0.454,healthy
494,Joel Mitchell,Pelicans,PG,45,23.9,7.6,1.2,1.3,1.7,1.1,0.415,42.2,5747,0.73,healthy
495,Damian Perez,76ers,SF,22,12.7,3.4,1.6,1.0,2.3,3.3,0.591,24.8,3770,0.555,day-to-day
496,Lauri Walker,Nets,PG,79,19.8,11.6,1.0,1.5,1.6,1.3,0.445,44.0,6819,0.54,healthy
497,Desmond Anderson,Thunder,SG,67,17.0,5.1,2.8,0.3,2.1,4.0,0.616,31.0,4695,0.749,questionable
498,Anthony Evans,Kings,PF,23,17.4,2.8,7.6,0.6,1.8,3.8,0.472,34.0,4967,0.552,healthy
499,Anfernee Thompson,Cavaliers,SG,46,17.4,1.0,7.9,1.7,1.4,0.9,0.423,34.5,5418,0.525,healthy
500,Alperen Perez,Knicks,PG,77,11.7,7.2,6.0,0.8,0.7,4.1,0.464,31.0,3780,0.843,healthy
